{"title":"About Patricia Schenfeld","markdown":{"yaml":{"title":"About Patricia Schenfeld","image":"images/test.jpeg","about":{"template":"solana","id":"heading","image-shape":"round","image-width":"17em","links":[{"icon":"linkedin","text":"LinkedIn","href":"https://www.linkedin.com/in/patricia-schenfeld/"},{"icon":"github","text":"GitHub","href":"https://github.com/pschenfeld?tab=repositories"},{"icon":"envelope","text":"Email","href":"mailto:schenfeldpatricia@gmail.com"}]},"format":"html","link-external-newwindow":true,"page-layout":"full","website":{"back-to-top-navigation":true},"date":"last-modified"},"headingText":"Education","containsRefs":false,"markdown":"\n\n:::{#heading}\n\nI work in Trust & Safety with a focus on advertising policy, helping to ensure a safe and compliant experience across digital platforms. I bring a background in data science, analytics, and consulting (KPMG), and recently completed my Master’s in Data Science & Analytics at Georgetown. I’m driven by curiosity, clarity, and impact, especially at the intersection of data, policy, and platform integrity.\n\n:::\n\n\n \n#### Georgetown University, MS Data Science & Analytics\n*Washington, DC | May 2025* \n\n::: columns\n::: {.column width=\"10%\"}\n\n![](images/gu_seal.png){width=100}\n:::\n\n::: {.column width=\"90%\"}\n\n* Merit scholarship\n* GPA: 4.0\n* Chair of Social Committee\n\n:::\n:::\n\n\n#### University of Delaware, BS Management Information Systems\n*Newark, DE  |  May 2021*\n\n::: columns\n::: {.column width=\"10%\"}\n\n![](images/ud_seal.png){width=100}\n:::\n\n::: {.column width=\"90%\"}\n\n* Magna Cum Laude (top 5%)\n* Honors: Panel of Distinguished MIS Seniors, Dean’s List (all 8 semesters), GPA: 3.9, University of Delaware Presidential Scholarship (merit)\n* Study abroad: Australia and Thailand (Winter 2020), Switzerland and Italy (Summer 2019)\n\n:::\n:::\n\n## Experience\n\n#### **Spotify** Associate Public Policy Specialist\n*Washington, DC  |  April 2025 - Present*\n\n::: columns\n::: {.column width=\"10%\"}\n\n![](images/spotify.png){width=100}\n\n:::\n\n::: {.column width=\"90%\"}\n\n* Enforce and optimize advertising policies across global markets, ensuring brand safety and compliance while supporting monetization strategy through scalable review operations and continuous policy refinement.\n\n:::\n:::\n\n#### **Spotify** Trust and Safety Intern, Monetization Operations\n*New York, NY  |  June - August 2024*\n\n::: columns\n::: {.column width=\"10%\"}\n\n![](images/spotify.png){width=100}\n\n:::\n\n::: {.column width=\"90%\"}\n\n* Defined, communicated, and enforced stance on advertising and monetization policy issues across podcasts, music, and all other forms of content\n* Conducted risk assessments and global regulatory research on new revenue opportunities and trends within content\n* Advised and lead high-profile and time-sensitive investigations into potential policy violations across content and advertisements\n* Lead enforcement efficiency projects and developed business cases for product and policy enhancements\n* Analyzed vendor ad review metrics, including ad volume per language, identifying coverage gaps that led to a 50%\nincrease in staffing efficiency, optimizing workflows, and ensuring complete coverage of incoming ad volume\n* Built a business case and automation logic for auto-rejecting ads based on advertising categories, reducing agent\nreview time and cutting operational costs\n\n:::\n:::\n\n#### **KPMG** Governance, Risk & Compliance Advisory Associate\n*Stamford, CT  |  July 2021 - August 2023*\n\n::: columns\n::: {.column width=\"10%\"}\n\n![](images/kpmg.png){width=100}\n:::\n\n::: {.column width=\"90%\"}\n\n* Conducted external IT Audit for a leading home/personal products company and regional banks\n    * Performed IT Application Control testing\n    * Managed offshore team; lead meetings, assigned and reviewed audit deliverables\n* Established, executed, and communicated risk and compliance objectives for a major hardware firm\n    * Assessed design and implementation of IT controls against internal policies and best practices to develop Risk Control Matrices to strengthen internal control environments\n    * Collaborated on recommendations for attaining future state objectives\n* Assumed additional responsibilities when no senior staff were on engagements\n* Team winner of Power BI and Alteryx Data Driven Project\n:::\n:::\n\n#### **KPMG** Technology Assurance Intern\n*New York, NY  |  Summer 2020*\n\n::: columns\n::: {.column width=\"10%\"}\n\n![](images/kpmg.png){width=100}\n:::\n\n::: {.column width=\"90%\"}\n\n* Converted to virtual program due to COVID-19\n:::\n:::\n\n## Technical Skills\n::: columns\n::: {.column width=\"17%\"}\n![](images/python.png){width=200}\n:::\n::: {.column width=\"15%\"}\n![](images/R_logo.svg.png){width=100}\n:::\n::: {.column width=\"12%\"}\n![](images/sql.png){width=90}\n:::\n::: {.column width=\"18%\"}\n![](images/tableau.png){width=200}\n:::\n::: {.column width=\"17%\"}\n![](images/powerbi.png){width=160}\n:::\n::: {.column width=\"14%\"}\n![](images/excel.webp){width=150}\n:::\n:::\n\n## Certificates\n::: columns\n\n::: {.column width=\"50%\" style=\"text-align: center;\"}\nMusic Business Foundations (via Coursera), December 2023\n\n![](images/berklee.png){width=300}\n:::\n\n::: {.column width=\"50%\" style=\"text-align: center;\"}\nGoogle Data Analytics (via Coursera), March 2022\n\n![](images/data_analytics.png){width=300}\n:::\n\n:::\n\n\n\n## Activities and Volunteering\n* Chair of Georgetown Data Science Social Committee\n* KPMG, Governance, Risk and Compliance People Connectivity Committee                                            \n* Phi Chi Theta Professional Business Fraternity, Founding Member of UD Chapter\n* University of Delaware Club Tennis Team                                                                                             \n* Girl Scouts, Ambassador Level - Silver Award: Created/taught a music program for underserved children","srcMarkdownNoYaml":"\n\n:::{#heading}\n\nI work in Trust & Safety with a focus on advertising policy, helping to ensure a safe and compliant experience across digital platforms. I bring a background in data science, analytics, and consulting (KPMG), and recently completed my Master’s in Data Science & Analytics at Georgetown. I’m driven by curiosity, clarity, and impact, especially at the intersection of data, policy, and platform integrity.\n\n:::\n\n## Education \n\n \n#### Georgetown University, MS Data Science & Analytics\n*Washington, DC | May 2025* \n\n::: columns\n::: {.column width=\"10%\"}\n\n![](images/gu_seal.png){width=100}\n:::\n\n::: {.column width=\"90%\"}\n\n* Merit scholarship\n* GPA: 4.0\n* Chair of Social Committee\n\n:::\n:::\n\n\n#### University of Delaware, BS Management Information Systems\n*Newark, DE  |  May 2021*\n\n::: columns\n::: {.column width=\"10%\"}\n\n![](images/ud_seal.png){width=100}\n:::\n\n::: {.column width=\"90%\"}\n\n* Magna Cum Laude (top 5%)\n* Honors: Panel of Distinguished MIS Seniors, Dean’s List (all 8 semesters), GPA: 3.9, University of Delaware Presidential Scholarship (merit)\n* Study abroad: Australia and Thailand (Winter 2020), Switzerland and Italy (Summer 2019)\n\n:::\n:::\n\n## Experience\n\n#### **Spotify** Associate Public Policy Specialist\n*Washington, DC  |  April 2025 - Present*\n\n::: columns\n::: {.column width=\"10%\"}\n\n![](images/spotify.png){width=100}\n\n:::\n\n::: {.column width=\"90%\"}\n\n* Enforce and optimize advertising policies across global markets, ensuring brand safety and compliance while supporting monetization strategy through scalable review operations and continuous policy refinement.\n\n:::\n:::\n\n#### **Spotify** Trust and Safety Intern, Monetization Operations\n*New York, NY  |  June - August 2024*\n\n::: columns\n::: {.column width=\"10%\"}\n\n![](images/spotify.png){width=100}\n\n:::\n\n::: {.column width=\"90%\"}\n\n* Defined, communicated, and enforced stance on advertising and monetization policy issues across podcasts, music, and all other forms of content\n* Conducted risk assessments and global regulatory research on new revenue opportunities and trends within content\n* Advised and lead high-profile and time-sensitive investigations into potential policy violations across content and advertisements\n* Lead enforcement efficiency projects and developed business cases for product and policy enhancements\n* Analyzed vendor ad review metrics, including ad volume per language, identifying coverage gaps that led to a 50%\nincrease in staffing efficiency, optimizing workflows, and ensuring complete coverage of incoming ad volume\n* Built a business case and automation logic for auto-rejecting ads based on advertising categories, reducing agent\nreview time and cutting operational costs\n\n:::\n:::\n\n#### **KPMG** Governance, Risk & Compliance Advisory Associate\n*Stamford, CT  |  July 2021 - August 2023*\n\n::: columns\n::: {.column width=\"10%\"}\n\n![](images/kpmg.png){width=100}\n:::\n\n::: {.column width=\"90%\"}\n\n* Conducted external IT Audit for a leading home/personal products company and regional banks\n    * Performed IT Application Control testing\n    * Managed offshore team; lead meetings, assigned and reviewed audit deliverables\n* Established, executed, and communicated risk and compliance objectives for a major hardware firm\n    * Assessed design and implementation of IT controls against internal policies and best practices to develop Risk Control Matrices to strengthen internal control environments\n    * Collaborated on recommendations for attaining future state objectives\n* Assumed additional responsibilities when no senior staff were on engagements\n* Team winner of Power BI and Alteryx Data Driven Project\n:::\n:::\n\n#### **KPMG** Technology Assurance Intern\n*New York, NY  |  Summer 2020*\n\n::: columns\n::: {.column width=\"10%\"}\n\n![](images/kpmg.png){width=100}\n:::\n\n::: {.column width=\"90%\"}\n\n* Converted to virtual program due to COVID-19\n:::\n:::\n\n## Technical Skills\n::: columns\n::: {.column width=\"17%\"}\n![](images/python.png){width=200}\n:::\n::: {.column width=\"15%\"}\n![](images/R_logo.svg.png){width=100}\n:::\n::: {.column width=\"12%\"}\n![](images/sql.png){width=90}\n:::\n::: {.column width=\"18%\"}\n![](images/tableau.png){width=200}\n:::\n::: {.column width=\"17%\"}\n![](images/powerbi.png){width=160}\n:::\n::: {.column width=\"14%\"}\n![](images/excel.webp){width=150}\n:::\n:::\n\n## Certificates\n::: columns\n\n::: {.column width=\"50%\" style=\"text-align: center;\"}\nMusic Business Foundations (via Coursera), December 2023\n\n![](images/berklee.png){width=300}\n:::\n\n::: {.column width=\"50%\" style=\"text-align: center;\"}\nGoogle Data Analytics (via Coursera), March 2022\n\n![](images/data_analytics.png){width=300}\n:::\n\n:::\n\n\n\n## Activities and Volunteering\n* Chair of Georgetown Data Science Social Committee\n* KPMG, Governance, Risk and Compliance People Connectivity Committee                                            \n* Phi Chi Theta Professional Business Fraternity, Founding Member of UD Chapter\n* University of Delaware Club Tennis Team                                                                                             \n* Girl Scouts, Ambassador Level - Silver Award: Created/taught a music program for underserved children"},"formats":{"html":{"identifier":{"display-name":"HTML","target-format":"html","base-format":"html"},"execute":{"fig-width":7,"fig-height":5,"fig-format":"retina","fig-dpi":96,"df-print":"default","error":false,"eval":true,"cache":null,"freeze":false,"echo":true,"output":true,"warning":true,"include":true,"keep-md":false,"keep-ipynb":false,"ipynb":null,"enabled":null,"daemon":null,"daemon-restart":false,"debug":false,"ipynb-filters":[],"engine":"markdown"},"render":{"keep-tex":false,"keep-source":false,"keep-hidden":false,"prefer-html":false,"output-divs":true,"output-ext":"html","fig-align":"default","fig-pos":null,"fig-env":null,"code-fold":"none","code-overflow":"scroll","code-link":false,"code-line-numbers":false,"code-tools":false,"tbl-colwidths":"auto","merge-includes":true,"inline-includes":false,"preserve-yaml":false,"latex-auto-mk":true,"latex-auto-install":true,"latex-clean":true,"latex-max-runs":10,"latex-makeindex":"makeindex","latex-makeindex-opts":[],"latex-tlmgr-opts":[],"latex-input-paths":[],"latex-output-dir":null,"link-external-icon":false,"link-external-newwindow":true,"self-contained-math":false,"format-resources":[],"notebook-links":true,"format-links":true},"pandoc":{"standalone":true,"wrap":"none","default-image-extension":"png","to":"html","toc":true,"output-file":"index.html"},"language":{"toc-title-document":"Table of contents","toc-title-website":"On this page","related-formats-title":"Other Formats","related-notebooks-title":"Notebooks","source-notebooks-prefix":"Source","section-title-abstract":"Abstract","section-title-appendices":"Appendices","section-title-footnotes":"Footnotes","section-title-references":"References","section-title-reuse":"Reuse","section-title-copyright":"Copyright","section-title-citation":"Citation","appendix-attribution-cite-as":"For attribution, please cite this work as:","appendix-attribution-bibtex":"BibTeX citation:","title-block-author-single":"Author","title-block-author-plural":"Authors","title-block-affiliation-single":"Affiliation","title-block-affiliation-plural":"Affiliations","title-block-published":"Published","title-block-modified":"Modified","callout-tip-title":"Tip","callout-note-title":"Note","callout-warning-title":"Warning","callout-important-title":"Important","callout-caution-title":"Caution","code-summary":"Code","code-tools-menu-caption":"Code","code-tools-show-all-code":"Show All Code","code-tools-hide-all-code":"Hide All Code","code-tools-view-source":"View Source","code-tools-source-code":"Source Code","code-line":"Line","code-lines":"Lines","copy-button-tooltip":"Copy to Clipboard","copy-button-tooltip-success":"Copied!","repo-action-links-edit":"Edit this page","repo-action-links-source":"View source","repo-action-links-issue":"Report an issue","back-to-top":"Back to top","search-no-results-text":"No results","search-matching-documents-text":"matching documents","search-copy-link-title":"Copy link to search","search-hide-matches-text":"Hide additional matches","search-more-match-text":"more match in this document","search-more-matches-text":"more matches in this document","search-clear-button-title":"Clear","search-detached-cancel-button-title":"Cancel","search-submit-button-title":"Submit","search-label":"Search","toggle-section":"Toggle section","toggle-sidebar":"Toggle sidebar navigation","toggle-dark-mode":"Toggle dark mode","toggle-reader-mode":"Toggle reader mode","toggle-navigation":"Toggle navigation","crossref-fig-title":"Figure","crossref-tbl-title":"Table","crossref-lst-title":"Listing","crossref-thm-title":"Theorem","crossref-lem-title":"Lemma","crossref-cor-title":"Corollary","crossref-prp-title":"Proposition","crossref-cnj-title":"Conjecture","crossref-def-title":"Definition","crossref-exm-title":"Example","crossref-exr-title":"Exercise","crossref-ch-prefix":"Chapter","crossref-apx-prefix":"Appendix","crossref-sec-prefix":"Section","crossref-eq-prefix":"Equation","crossref-lof-title":"List of Figures","crossref-lot-title":"List of Tables","crossref-lol-title":"List of Listings","environment-proof-title":"Proof","environment-remark-title":"Remark","environment-solution-title":"Solution","listing-page-order-by":"Order By","listing-page-order-by-default":"Default","listing-page-order-by-date-asc":"Oldest","listing-page-order-by-date-desc":"Newest","listing-page-order-by-number-desc":"High to Low","listing-page-order-by-number-asc":"Low to High","listing-page-field-date":"Date","listing-page-field-title":"Title","listing-page-field-description":"Description","listing-page-field-author":"Author","listing-page-field-filename":"File Name","listing-page-field-filemodified":"Modified","listing-page-field-subtitle":"Subtitle","listing-page-field-readingtime":"Reading Time","listing-page-field-categories":"Categories","listing-page-minutes-compact":"{0} min","listing-page-category-all":"All","listing-page-no-matches":"No matching items"},"metadata":{"lang":"en","fig-responsive":true,"quarto-version":"1.3.450","theme":"zephyr","page-layout":"full","title":"About Patricia Schenfeld","image":"images/test.jpeg","about":{"template":"solana","id":"heading","image-shape":"round","image-width":"17em","links":[{"icon":"linkedin","text":"LinkedIn","href":"https://www.linkedin.com/in/patricia-schenfeld/"},{"icon":"github","text":"GitHub","href":"https://github.com/pschenfeld?tab=repositories"},{"icon":"envelope","text":"Email","href":"mailto:schenfeldpatricia@gmail.com"}]},"date":"last-modified"},"extensions":{"book":{"multiFile":true}}}},"projectFormats":["html"]}